{"cameraMode":{"drawMode":0,"name":"Shaded","section":"Shading Mode"},"sceneLighting":false,"audioPlay":false,"sceneViewState":{"showFog":true,"showMaterialUpdate":false,"showSkybox":true,"showFlares":true,"showImageEffects":true,"showParticleSystems":true},"in2DMode":false,"pivot":{"x":-0.14327239990234376,"y":-0.71563720703125,"z":100.0},"rotation":{"x":-0.045287180691957477,"y":-0.01738341897726059,"z":0.0008019893430173397,"w":-0.9988330602645874},"size":84.07579040527344,"orthographic":true}